{
    "TableName": "ff4j-features",
    "AttributeDefinitions": [
        {
            "AttributeName": "featureUid",
            "AttributeType": "S"
        },
        {
            "AttributeName": "groupName",
            "AttributeType": "S"
        }
    ],
    "KeySchema": [
        {
            "AttributeName": "featureUid",
            "KeyType": "HASH"
        }
    ],
    "GlobalSecondaryIndexes": [
        {
            "IndexName": "ff4j-feature-groups",
            "KeySchema": [
                {
                    "AttributeName": "groupName",
                    "KeyType": "HASH"
                }
            ],
            "Projection": {
                "ProjectionType": "ALL"
            },
            "ProvisionedThroughput": {
                "ReadCapacityUnits": 4,
                "WriteCapacityUnits": 4
            }
        }
    ],
    "BillingMode": "PROVISIONED",
    "ProvisionedThroughput": {
        "ReadCapacityUnits": 4,
        "WriteCapacityUnits": 4
    }
}